t,tube_x,tube_y,string_x,string_y,arm1_x,arm1_y,arm2_x,arm2_y
1.564733E0,1.015613E1,8.976150E0,3.956877E1,2.658428E0,4.106921E1,-3.115447E0,5.516691E1,-9.075117E0
1.598025E0,9.852525E0,8.952177E0,3.942640E1,2.800962E0,4.108533E1,-2.949612E0,5.533703E1,-8.535731E0
1.631317E0,9.774762E0,8.956219E0,3.929751E1,2.958155E0,4.108276E1,-2.761492E0,5.548469E1,-7.915301E0
1.664609E0,9.778520E0,8.951643E0,3.912797E1,3.131846E0,4.110905E1,-2.503144E0,5.570018E1,-7.121837E0
1.697901E0,9.560782E0,8.943494E0,3.890329E1,3.500267E0,4.113007E1,-2.203675E0,5.591070E1,-6.169439E0
1.731193E0,9.407427E0,9.096981E0,3.856813E1,3.793882E0,4.116563E1,-1.848824E0,5.611135E1,-5.052136E0
1.764486E0,9.164494E0,9.095421E0,3.830697E1,4.088031E0,4.117761E1,-1.441300E0,5.630874E1,-3.772850E0
1.797778E0,8.889394E0,9.093241E0,3.808336E1,4.308442E0,4.118295E1,-9.663311E-1,5.644746E1,-2.333467E0
1.831070E0,8.742453E0,8.944162E0,3.767366E1,4.675528E0,4.119160E1,-4.430041E-1,5.652650E1,-6.523852E-1
1.864362E0,8.470036E0,8.896322E0,3.718995E1,5.042079E0,4.120503E1,1.550788E-1,5.646638E1,1.338318E0
1.897654E0,8.191262E0,8.782369E0,3.659471E1,5.481833E0,4.117987E1,8.674863E-1,5.621908E1,3.810313E0
1.930947E0,7.936368E0,8.719471E0,3.611101E1,5.848384E0,4.111272E1,1.592832E0,5.568501E1,6.026717E0
1.964239E0,7.682894E0,8.621354E0,3.566484E1,6.141197E0,4.103462E1,2.329639E0,5.522709E1,7.947636E0
1.997531E0,7.505407E0,8.592802E0,3.525568E1,6.434277E0,4.097549E1,2.891784E0,5.468223E1,9.541327E0
2.030823E0,7.326422E0,8.573225E0,3.506960E1,6.580951E0,4.092442E1,3.204898E0,5.438516E1,1.034784E1
2.064115E0,7.276417E0,8.568900E0,3.503286E1,6.543682E0,4.091664E1,3.256780E0,5.431211E1,1.057726E1
2.097407E0,7.273751E0,8.566251E0,3.503233E1,6.617686E0,4.091662E1,3.218626E0,5.437700E1,1.046613E1
2.130700E0,7.279162E0,8.577278E0,3.503110E1,6.619770E0,4.091750E1,3.209864E0,5.438601E1,1.048047E1
2.163992E0,7.277345E0,8.572483E0,3.503213E1,6.622417E0,4.091467E1,3.204085E0,5.438818E1,1.047121E1
2.197284E0,7.276137E0,8.571296E0,3.503328E1,6.622011E0,4.091222E1,3.198522E0,5.438969E1,1.046711E1
2.230576E0,7.271434E0,8.569608E0,3.503289E1,6.621229E0,4.091225E1,3.192659E0,5.439169E1,1.046423E1
2.263868E0,7.270086E0,8.570088E0,3.503212E1,6.621163E0,4.090973E1,3.190423E0,5.439936E1,1.047110E1
2.297160E0,7.274138E0,8.574158E0,3.503209E1,6.620406E0,4.090854E1,3.189234E0,5.439860E1,1.046702E1
2.330453E0,7.271934E0,8.571722E0,3.503489E1,6.621750E0,4.090708E1,3.188809E0,5.439731E1,1.046641E1
2.363745E0,7.267871E0,8.570883E0,3.503714E1,6.622884E0,4.090350E1,3.194912E0,5.438981E1,1.046714E1
2.397037E0,7.268377E0,8.569678E0,3.503642E1,6.622370E0,4.090702E1,3.193663E0,5.439636E1,1.046209E1
2.430329E0,7.269361E0,8.570124E0,3.503580E1,6.621851E0,4.090492E1,3.192324E0,5.439749E1,1.046643E1
2.463621E0,7.117018E0,8.562383E0,3.503922E1,6.623573E0,4.090476E1,3.191814E0,5.439671E1,1.046436E1
2.496914E0,7.117018E0,8.562383E0,3.503769E1,6.622784E0,4.090363E1,3.190438E0,5.439616E1,1.046276E1
2.530206E0,7.117018E0,8.562383E0,3.503675E1,6.622459E0,4.090409E1,3.189814E0,5.439578E1,1.046167E1
2.563498E0,7.117018E0,8.562383E0,3.503541E1,6.621945E0,4.090585E1,3.189252E0,5.440665E1,1.046054E1
2.596790E0,7.116805E0,8.564027E0,3.504518E1,6.619900E0,4.091254E1,3.188964E0,5.440523E1,1.045814E1
2.630082E0,7.115912E0,8.563758E0,3.504238E1,6.619876E0,4.090980E1,3.188662E0,5.440782E1,1.045356E1
2.663374E0,7.118701E0,8.564320E0,3.504595E1,6.620466E0,4.090888E1,3.188602E0,5.441031E1,1.045568E1
2.696667E0,7.118144E0,8.564196E0,3.504868E1,6.621132E0,4.090828E1,3.188968E0,5.440636E1,1.045576E1
2.729959E0,7.122656E0,8.565251E0,3.505296E1,6.620809E0,4.091107E1,3.188818E0,5.441356E1,1.045429E1
2.763251E0,7.126628E0,8.566046E0,3.505277E1,6.620188E0,4.091481E1,3.189210E0,5.440882E1,1.045535E1
2.796543E0,7.124700E0,8.565612E0,3.504965E1,6.620035E0,4.091435E1,3.188522E0,5.441465E1,1.045648E1
2.829835E0,7.123391E0,8.565280E0,3.504755E1,6.620273E0,4.091413E1,3.188894E0,5.441646E1,1.045677E1
2.863128E0,7.122316E0,8.565607E0,3.505302E1,6.621502E0,4.091325E1,3.188990E0,5.441465E1,1.045658E1
2.896420E0,7.122467E0,8.565842E0,3.505816E1,6.622403E0,4.091274E1,3.189546E0,5.441472E1,1.045607E1
2.929712E0,7.123262E0,8.566320E0,3.505341E1,6.621858E0,4.091448E1,3.189241E0,5.441728E1,1.045547E1
2.963004E0,7.122622E0,8.566033E0,3.504973E1,6.621251E0,4.091298E1,3.188662E0,5.441981E1,1.045545E1
2.996296E0,7.122058E0,8.565846E0,3.505562E1,6.621672E0,4.091448E1,3.188117E0,5.442080E1,1.045427E1
3.029588E0,7.129627E0,8.571150E0,3.506505E1,6.621673E0,4.091632E1,3.188680E0,5.442040E1,1.045306E1
3.062881E0,7.128231E0,8.572633E0,3.505853E1,6.621608E0,4.091595E1,3.186992E0,5.442340E1,1.045056E1
3.096173E0,7.125924E0,8.570998E0,3.505798E1,6.621233E0,4.091704E1,3.185138E0,5.442995E1,1.044195E1
3.129465E0,7.124383E0,8.569693E0,3.505707E1,6.621213E0,4.091779E1,3.184223E0,5.443483E1,1.043557E1
3.162757E0,7.129664E0,8.572797E0,3.505730E1,6.621255E0,4.091961E1,3.180969E0,5.445255E1,1.043415E1
3.196049E0,7.127209E0,8.571212E0,3.505135E1,6.620792E0,4.091608E1,3.181942E0,5.445671E1,1.044086E1
3.229342E0,7.130463E0,8.572459E0,3.504942E1,6.621018E0,4.091628E1,3.184278E0,5.445918E1,1.044605E1
3.262634E0,7.134177E0,8.573845E0,3.504780E1,6.621235E0,4.091687E1,3.186749E0,5.447087E1,1.042925E1
3.295926E0,7.132438E0,8.574456E0,3.505291E1,6.619919E0,4.092068E1,3.180280E0,5.448619E1,1.041098E1
3.329218E0,7.129518E0,8.573393E0,3.505107E1,6.619786E0,4.092387E1,3.177653E0,5.448574E1,1.039842E1
3.362510E0,7.125993E0,8.571707E0,3.504988E1,6.618601E0,4.091973E1,3.178739E0,5.448514E1,1.039497E1
3.395802E0,7.125425E0,8.570544E0,3.504883E1,6.617806E0,4.091690E1,3.179816E0,5.448592E1,1.039184E1
3.429095E0,7.122337E0,8.569841E0,3.504837E1,6.616461E0,4.091707E1,3.177481E0,5.448983E1,1.038056E1
3.462387E0,7.122597E0,8.569457E0,3.504781E1,6.617082E0,4.091741E1,3.176270E0,5.450638E1,1.035862E1
3.495679E0,7.121578E0,8.568871E0,3.504694E1,6.615721E0,4.092003E1,3.174319E0,5.450520E1,1.034325E1
3.528971E0,7.121516E0,8.568619E0,3.504609E1,6.614743E0,4.091888E1,3.173932E0,5.450334E1,1.033552E1
3.562263E0,7.131177E0,8.579704E0,3.504818E1,6.615306E0,4.091896E1,3.174569E0,5.449994E1,1.033289E1
3.595556E0,7.128515E0,8.576925E0,3.504976E1,6.616224E0,4.091775E1,3.174463E0,5.449702E1,1.032824E1
3.628848E0,7.126882E0,8.574588E0,3.504792E1,6.616177E0,4.091867E1,3.174636E0,5.450929E1,1.030795E1
3.662140E0,7.123435E0,8.571887E0,3.504617E1,6.616173E0,4.091882E1,3.174894E0,5.452300E1,1.030759E1
3.695432E0,7.122997E0,8.571450E0,3.504738E1,6.616763E0,4.092115E1,3.177055E0,5.453088E1,1.030586E1
3.728724E0,7.121983E0,8.570804E0,3.504303E1,6.616734E0,4.091908E1,3.177940E0,5.453749E1,1.030441E1
3.762016E0,7.122088E0,8.570194E0,3.504225E1,6.616715E0,4.092075E1,3.178546E0,5.453850E1,1.030655E1
3.795309E0,7.121323E0,8.569803E0,3.504155E1,6.616710E0,4.091844E1,3.178940E0,5.454699E1,1.029866E1
3.828601E0,7.121596E0,8.573634E0,3.504381E1,6.616589E0,4.091933E1,3.174205E0,5.455433E1,1.028740E1
3.861893E0,7.123982E0,8.575580E0,3.504570E1,6.616805E0,4.092001E1,3.173256E0,5.455928E1,1.027992E1
3.895185E0,7.122841E0,8.573863E0,3.504301E1,6.616974E0,4.092226E1,3.175708E0,5.455775E1,1.028830E1
3.928477E0,7.121804E0,8.572559E0,3.504090E1,6.616604E0,4.092219E1,3.177772E0,5.455433E1,1.029456E1
3.961770E0,7.121326E0,8.572491E0,3.504422E1,6.615899E0,4.092384E1,3.180097E0,5.455431E1,1.029596E1
3.995062E0,7.121967E0,8.572149E0,3.504712E1,6.616540E0,4.092144E1,3.176740E0,5.458419E1,1.025181E1
4.028354E0,7.124872E0,8.571618E0,3.504864E1,6.615469E0,4.092306E1,3.169043E0,5.460226E1,1.023170E1
4.061646E0,7.122959E0,8.571264E0,3.504848E1,6.615367E0,4.092377E1,3.172888E0,5.460741E1,1.023392E1
4.094938E0,7.123114E0,8.571279E0,3.504788E1,6.615342E0,4.092303E1,3.176150E0,5.461147E1,1.023606E1
4.128230E0,7.122349E0,8.570577E0,3.504393E1,6.615348E0,4.092209E1,3.176840E0,5.461308E1,1.023751E1
4.161523E0,7.121704E0,8.570077E0,3.504142E1,6.615184E0,4.092013E1,3.177602E0,5.461493E1,1.023804E1
4.194815E0,7.120491E0,8.570724E0,3.504282E1,6.615579E0,4.091949E1,3.178453E0,5.461682E1,1.023830E1
4.228107E0,7.121659E0,8.571434E0,3.504369E1,6.616143E0,4.092445E1,3.172655E0,5.461877E1,1.021456E1
4.261399E0,7.120017E0,8.571869E0,3.504557E1,6.615771E0,4.092296E1,3.173713E0,5.463473E1,1.020410E1
4.294691E0,7.120379E0,8.571898E0,3.504225E1,6.615485E0,4.092204E1,3.175848E0,5.463511E1,1.020550E1
4.327984E0,7.121591E0,8.572078E0,3.504420E1,6.615275E0,4.092290E1,3.176914E0,5.463211E1,1.021271E1
4.361276E0,7.121114E0,8.571246E0,3.504084E1,6.615350E0,4.092076E1,3.177604E0,5.462826E1,1.021936E1
4.394568E0,7.120831E0,8.570661E0,3.503942E1,6.615792E0,4.091951E1,3.178322E0,5.462540E1,1.022369E1
4.427860E0,7.120450E0,8.570110E0,3.503626E1,6.615468E0,4.092178E1,3.179805E0,5.462370E1,1.022685E1
4.461152E0,7.119013E0,8.570208E0,3.504071E1,6.615640E0,4.092388E1,3.177104E0,5.462292E1,1.022822E1
4.494444E0,7.118865E0,8.570132E0,3.504486E1,6.616190E0,4.092272E1,3.177648E0,5.463171E1,1.020762E1
4.527737E0,7.119947E0,8.570363E0,3.504296E1,6.615926E0,4.092230E1,3.176891E0,5.463365E1,1.021053E1
4.561029E0,7.120300E0,8.569880E0,3.504128E1,6.616130E0,4.092073E1,3.177495E0,5.462977E1,1.021617E1
4.594321E0,7.124076E0,8.569992E0,3.504197E1,6.616105E0,4.092014E1,3.177487E0,5.462871E1,1.021987E1
4.627613E0,7.126008E0,8.570695E0,3.503918E1,6.615764E0,4.091890E1,3.177939E0,5.462820E1,1.022374E1
4.660905E0,7.123566E0,8.570215E0,3.503721E1,6.614565E0,4.091915E1,3.178095E0,5.462637E1,1.022643E1
4.694198E0,7.122790E0,8.569930E0,3.503566E1,6.614747E0,4.091829E1,3.178337E0,5.462630E1,1.022877E1
4.727490E0,7.121597E0,8.569860E0,3.503599E1,6.614814E0,4.091796E1,3.178044E0,5.462645E1,1.023018E1
4.760782E0,7.121258E0,8.569535E0,3.503650E1,6.614990E0,4.091881E1,3.178753E0,5.462411E1,1.022792E1
4.794074E0,7.120375E0,8.569713E0,3.503658E1,6.615151E0,4.091999E1,3.177070E0,5.463079E1,1.021570E1
4.827366E0,7.120373E0,8.569432E0,3.503663E1,6.615497E0,4.092104E1,3.176256E0,5.463695E1,1.020632E1
4.860658E0,7.120125E0,8.569469E0,3.503849E1,6.615551E0,4.092392E1,3.175773E0,5.464257E1,1.021405E1
4.893951E0,7.120832E0,8.569551E0,3.503662E1,6.615456E0,4.092521E1,3.177368E0,5.463690E1,1.021916E1
4.927243E0,7.122922E0,8.569913E0,3.503690E1,6.615434E0,4.092270E1,3.177156E0,5.463314E1,1.022288E1
4.960535E0,7.122236E0,8.569739E0,3.503679E1,6.615632E0,4.092088E1,3.177647E0,5.463015E1,1.022575E1
4.993827E0,7.121829E0,8.569045E0,3.503590E1,6.614954E0,4.092231E1,3.179802E0,5.462908E1,1.022657E1
5.027119E0,7.121573E0,8.568243E0,3.503500E1,6.615066E0,4.092063E1,3.179706E0,5.462732E1,1.022841E1
5.060412E0,7.117595E0,8.568749E0,3.503578E1,6.613178E0,4.092082E1,3.178735E0,5.462816E1,1.022815E1
5.093704E0,7.117593E0,8.568153E0,3.503487E1,6.613270E0,4.091946E1,3.178405E0,5.462691E1,1.022883E1
5.126996E0,7.118144E0,8.567644E0,3.503396E1,6.613654E0,4.091844E1,3.178922E0,5.462615E1,1.023012E1
5.160288E0,7.116986E0,8.568142E0,3.503318E1,6.614214E0,4.091604E1,3.178332E0,5.462816E1,1.022811E1
5.193580E0,7.117453E0,8.568034E0,3.503245E1,6.614434E0,4.091571E1,3.178706E0,5.462862E1,1.022682E1
5.226872E0,7.116950E0,8.568413E0,3.503298E1,6.615929E0,4.091591E1,3.179272E0,5.462698E1,1.022807E1
5.260165E0,7.117932E0,8.568773E0,3.503330E1,6.616015E0,4.091612E1,3.180425E0,5.464271E1,1.020852E1
5.293457E0,7.117474E0,8.568596E0,3.503396E1,6.614309E0,4.091773E1,3.175481E0,5.463867E1,1.019688E1
5.326749E0,7.117475E0,8.568122E0,3.503463E1,6.612996E0,4.091880E1,3.172937E0,5.463768E1,1.018101E1
5.360041E0,7.117379E0,8.568083E0,3.503438E1,6.614593E0,4.091878E1,3.174879E0,5.463317E1,1.017536E1
5.393333E0,7.117424E0,8.567915E0,3.503364E1,6.615819E0,4.091877E1,3.176875E0,5.462946E1,1.017233E1
5.426626E0,7.118383E0,8.567669E0,3.503356E1,6.615701E0,4.091837E1,3.178022E0,5.463141E1,1.016882E1
5.459918E0,7.118439E0,8.567682E0,3.503224E1,6.615659E0,4.091770E1,3.178714E0,5.462982E1,1.016593E1
5.493210E0,7.118364E0,8.567677E0,3.503208E1,6.615432E0,4.091789E1,3.178772E0,5.463149E1,1.016353E1
5.526502E0,7.118301E0,8.567641E0,3.503172E1,6.615505E0,4.091764E1,3.179868E0,5.463314E1,1.016266E1
5.559794E0,7.118083E0,8.567544E0,3.502973E1,6.615231E0,4.091647E1,3.180227E0,5.463061E1,1.016027E1
5.593086E0,7.115361E0,8.565283E0,3.502829E1,6.615107E0,4.091538E1,3.180245E0,5.462862E1,1.015953E1
5.626379E0,7.125710E0,8.564208E0,3.501854E1,6.619709E0,4.091162E1,3.178411E0,5.461498E1,1.016669E1
5.659671E0,7.141441E0,8.564450E0,3.499182E1,6.625678E0,4.088673E1,3.171768E0,5.458495E1,1.021339E1
5.692963E0,7.136038E0,8.562226E0,3.529108E1,6.656559E0,4.085072E1,3.233683E0,5.447704E1,1.038437E1
5.726255E0,7.102660E0,8.531485E0,3.510633E1,6.618221E0,4.078979E1,3.326327E0,5.432082E1,1.066406E1
5.759547E0,7.059601E0,8.524932E0,3.510580E1,6.692225E0,4.073452E1,3.414124E0,5.412966E1,1.101644E1
5.792840E0,6.998191E0,8.500846E0,3.488378E1,6.690622E0,4.066127E1,3.532084E0,5.390351E1,1.140025E1
5.826132E0,6.910377E0,8.497588E0,3.473470E1,6.837563E0,4.058422E1,3.674170E0,5.362027E1,1.186303E1
5.859424E0,6.788353E0,8.482722E0,3.454943E1,6.873230E0,4.048676E1,3.871045E0,5.326907E1,1.244393E1
5.892716E0,6.611612E0,8.487134E0,3.425260E1,6.982100E0,4.032652E1,4.151417E0,5.279247E1,1.320845E1
5.926008E0,6.450915E0,8.475723E0,3.384478E1,7.090168E0,4.014719E1,4.465318E0,5.214846E1,1.416006E1
5.959300E0,6.158302E0,8.419111E0,3.339941E1,7.271974E0,3.985357E1,4.921408E0,5.124799E1,1.535758E1
5.992593E0,5.897542E0,8.331552E0,3.288031E1,7.416244E0,3.948505E1,5.344695E0,5.013300E1,1.655693E1
6.025885E0,5.626651E0,8.361226E0,3.239901E1,7.449773E0,3.917545E1,5.602037E0,4.930187E1,1.731453E1
6.059177E0,5.507564E0,8.369467E0,3.221400E1,7.448437E0,3.908784E1,5.633884E0,4.896357E1,1.757236E1
6.092469E0,5.482931E0,8.377717E0,3.216441E1,7.448814E0,3.903907E1,5.619537E0,4.888913E1,1.758901E1
6.125761E0,5.451491E0,8.365511E0,3.202872E1,7.484104E0,3.897357E1,5.633715E0,4.872357E1,1.769361E1
6.159053E0,5.411773E0,8.356565E0,3.197376E1,7.486221E0,3.890896E1,5.691816E0,4.855955E1,1.782997E1
6.192346E0,5.374698E0,8.337354E0,3.195431E1,7.483973E0,3.889343E1,5.687760E0,4.853503E1,1.783493E1
6.225638E0,5.368106E0,8.334403E0,3.195373E1,7.484319E0,3.889283E1,5.685998E0,4.855136E1,1.782843E1
6.258930E0,5.370097E0,8.332239E0,3.195616E1,7.490271E0,3.889267E1,5.685851E0,4.856006E1,1.782513E1
6.292222E0,5.372229E0,8.330767E0,3.195656E1,7.488739E0,3.889334E1,5.685726E0,4.856516E1,1.782233E1
6.325514E0,5.369736E0,8.330778E0,3.195577E1,7.488218E0,3.889342E1,5.686099E0,4.857083E1,1.782070E1
6.358807E0,5.371901E0,8.331440E0,3.195816E1,7.489402E0,3.889431E1,5.685836E0,4.857463E1,1.782004E1
6.392099E0,5.371663E0,8.331889E0,3.195973E1,7.489915E0,3.889457E1,5.685864E0,4.857581E1,1.781878E1
6.425391E0,5.372646E0,8.330960E0,3.195882E1,7.488823E0,3.889486E1,5.685941E0,4.857631E1,1.781795E1
6.458683E0,5.372974E0,8.330867E0,3.195956E1,7.488706E0,3.889573E1,5.686871E0,4.857942E1,1.781712E1
6.491975E0,5.374906E0,8.330078E0,3.196042E1,7.488697E0,3.889566E1,5.686640E0,4.858103E1,1.781773E1
6.525267E0,5.375277E0,8.329727E0,3.196195E1,7.488851E0,3.889525E1,5.686677E0,4.858465E1,1.781606E1
6.558560E0,5.375693E0,8.329500E0,3.196078E1,7.487730E0,3.889541E1,5.686509E0,4.858746E1,1.781806E1
6.591852E0,5.376175E0,8.329614E0,3.196137E1,7.488273E0,3.889623E1,5.686664E0,4.858913E1,1.781523E1
6.625144E0,5.373878E0,8.332087E0,3.196210E1,7.488646E0,3.889705E1,5.686927E0,4.859213E1,1.781254E1
6.658436E0,5.373309E0,8.332297E0,3.196377E1,7.490059E0,3.890158E1,5.686649E0,4.858953E1,1.781286E1
6.691728E0,5.374812E0,8.332754E0,3.196533E1,7.490807E0,3.890109E1,5.687053E0,4.859549E1,1.780786E1
6.725021E0,5.377891E0,8.333917E0,3.196726E1,7.491542E0,3.890281E1,5.688233E0,4.860202E1,1.780587E1
6.758313E0,5.376897E0,8.332959E0,3.196943E1,7.490967E0,3.890430E1,5.688693E0,4.859715E1,1.780403E1
6.791605E0,5.377081E0,8.332277E0,3.198091E1,7.491076E0,3.891204E1,5.687096E0,4.862047E1,1.779399E1
6.824897E0,5.377972E0,8.331736E0,3.198486E1,7.490457E0,3.891535E1,5.685905E0,4.865337E1,1.779059E1
6.858189E0,5.382630E0,8.332379E0,3.198532E1,7.490215E0,3.892160E1,5.683123E0,4.867743E1,1.778515E1
6.891481E0,5.384199E0,8.332585E0,3.198646E1,7.489951E0,3.892015E1,5.684508E0,4.868171E1,1.778236E1
6.924774E0,5.390999E0,8.334289E0,3.198938E1,7.489949E0,3.892274E1,5.685955E0,4.871103E1,1.778458E1
6.958066E0,5.389483E0,8.333742E0,3.199186E1,7.488143E0,3.892523E1,5.672972E0,4.874664E1,1.776098E1
6.991358E0,5.389194E0,8.332885E0,3.201857E1,7.489319E0,3.895054E1,5.668019E0,4.877228E1,1.772471E1
7.024650E0,5.390792E0,8.333689E0,3.202957E1,7.489301E0,3.896186E1,5.667452E0,4.879277E1,1.772429E1
7.057942E0,5.392033E0,8.333859E0,3.232474E1,7.486241E0,3.897159E1,5.673147E0,4.880247E1,1.772229E1
7.091235E0,5.391072E0,8.334276E0,3.204304E1,7.490437E0,3.897480E1,5.676621E0,4.883695E1,1.770128E1
7.124527E0,5.392299E0,8.334494E0,3.204963E1,7.490666E0,3.899009E1,5.674967E0,4.888538E1,1.766271E1
7.157819E0,5.393634E0,8.334336E0,3.204974E1,7.490435E0,3.899101E1,5.675143E0,4.890811E1,1.764780E1
7.191111E0,5.394167E0,8.334347E0,3.204937E1,7.490494E0,3.898939E1,5.677263E0,4.894036E1,1.764141E1
7.224403E0,5.389868E0,8.332805E0,3.243548E1,7.524045E0,3.899488E1,5.679959E0,4.897941E1,1.761497E1
7.257695E0,5.393546E0,8.333582E0,3.205485E1,7.490909E0,3.900041E1,5.662226E0,4.902957E1,1.759606E1
7.290988E0,5.398237E0,8.338033E0,3.205019E1,7.491027E0,3.903838E1,5.665217E0,4.904491E1,1.756625E1
7.324280E0,5.404054E0,8.342487E0,3.204979E1,7.491578E0,3.904973E1,5.666352E0,4.908884E1,1.754334E1
7.357572E0,5.398631E0,8.339803E0,3.204445E1,7.490464E0,3.905386E1,5.668003E0,4.910062E1,1.752949E1
7.390864E0,5.394742E0,8.337843E0,3.204211E1,7.489800E0,3.905612E1,5.670754E0,4.911764E1,1.751705E1
7.424156E0,5.399854E0,8.337662E0,3.204167E1,7.489311E0,3.906206E1,5.670376E0,4.914464E1,1.749381E1
7.457449E0,5.397206E0,8.336577E0,3.204207E1,7.489294E0,3.906655E1,5.670796E0,4.917356E1,1.749330E1
7.490741E0,5.398022E0,8.335685E0,3.204433E1,7.488822E0,3.907075E1,5.672457E0,4.920532E1,1.746111E1
7.524033E0,5.398915E0,8.334826E0,3.204514E1,7.488579E0,3.907517E1,5.660469E0,4.924340E1,1.743904E1
7.557325E0,5.403202E0,8.335863E0,3.204212E1,7.488215E0,3.909706E1,5.659798E0,4.926779E1,1.742650E1
7.590617E0,5.407370E0,8.337158E0,3.204547E1,7.488953E0,3.911847E1,5.653829E0,4.929203E1,1.740658E1
7.623909E0,5.403770E0,8.336265E0,3.204649E1,7.488671E0,3.912447E1,5.657685E0,4.933090E1,1.737482E1
7.657202E0,5.401708E0,8.335784E0,3.204806E1,7.488886E0,3.913795E1,5.654512E0,4.936330E1,1.734920E1
7.690494E0,5.405202E0,8.337863E0,3.204393E1,7.488449E0,3.913584E1,5.656958E0,4.939057E1,1.734649E1
7.723786E0,5.402250E0,8.337067E0,3.204155E1,7.488541E0,3.914251E1,5.662837E0,4.940524E1,1.734381E1
7.757078E0,5.398998E0,8.337182E0,3.203769E1,7.488827E0,3.914270E1,5.664655E0,4.942514E1,1.732809E1
7.790370E0,5.398849E0,8.337671E0,3.203897E1,7.489253E0,3.914206E1,5.667253E0,4.946229E1,1.729831E1
7.823663E0,5.401481E0,8.334147E0,3.203964E1,7.487358E0,3.916512E1,5.655172E0,4.951190E1,1.726757E1
7.856955E0,5.398811E0,8.333597E0,3.203927E1,7.485992E0,3.917232E1,5.659024E0,4.954813E1,1.723342E1
7.890247E0,5.401026E0,8.335341E0,3.203468E1,7.486005E0,3.918874E1,5.654432E0,4.956422E1,1.721725E1
7.923539E0,5.403771E0,8.336493E0,3.203207E1,7.485942E0,3.920305E1,5.655724E0,4.957714E1,1.720515E1
7.956831E0,5.404247E0,8.336060E0,3.251002E1,7.450574E0,3.921309E1,5.647105E0,4.962109E1,1.719357E1
7.990123E0,5.400696E0,8.335104E0,3.203290E1,7.484095E0,3.920879E1,5.636502E0,4.962868E1,1.717157E1
8.023416E0,5.406402E0,8.333277E0,3.202861E1,7.484324E0,3.920900E1,5.626469E0,4.961104E1,1.716950E1
8.056708E0,5.406084E0,8.332623E0,3.262076E1,7.488378E0,3.918323E1,5.618602E0,4.957887E1,1.717494E1
8.090000E0,5.395518E0,8.329211E0,3.200880E1,7.486251E0,3.913921E1,5.633225E0,4.944522E1,1.727048E1
8.123292E0,5.377987E0,8.324305E0,3.236174E1,7.486508E0,3.903669E1,5.671702E0,4.922141E1,1.744915E1
8.156584E0,5.354605E0,8.320819E0,3.221373E1,7.485439E0,3.893050E1,5.726835E0,4.894048E1,1.766153E1
8.189877E0,5.325857E0,8.309618E0,3.213973E1,7.484905E0,3.883663E1,5.780607E0,4.865825E1,1.786673E1
8.223169E0,5.223644E0,8.281372E0,3.202899E1,7.447101E0,3.874998E1,5.807393E0,4.846789E1,1.799100E1
8.256461E0,5.170182E0,8.255301E0,3.188124E1,7.409030E0,3.866026E1,5.842097E0,4.824714E1,1.812230E1
8.289753E0,5.137993E0,8.228025E0,3.158576E1,7.332888E0,3.852618E1,5.891045E0,4.791496E1,1.833281E1
8.323045E0,5.005351E0,8.160616E0,3.151122E1,7.406359E0,3.838100E1,5.981176E0,4.750965E1,1.860217E1
8.356337E0,4.907501E0,8.099668E0,3.132648E1,7.368020E0,3.822937E1,6.057216E0,4.713398E1,1.885571E1
8.389630E0,4.798367E0,8.039070E0,3.106746E1,7.366150E0,3.808234E1,6.125001E0,4.676835E1,1.907825E1
8.422922E0,4.722730E0,7.979329E0,3.091998E1,7.291077E0,3.793126E1,6.194499E0,4.639325E1,1.929343E1
8.456214E0,4.689535E0,7.950770E0,3.073470E1,7.326743E0,3.776016E1,6.265250E0,4.595572E1,1.954817E1
8.489506E0,4.591137E0,7.895425E0,3.032848E1,7.212797E0,3.758274E1,6.348091E0,4.551354E1,1.980894E1
8.522798E0,4.421186E0,7.802832E0,3.021721E1,7.248998E0,3.739437E1,6.416050E0,4.502381E1,2.006949E1
8.556091E0,4.237243E0,7.653487E0,3.010566E1,7.322201E0,3.723417E1,6.468155E0,4.461439E1,2.025973E1
8.589383E0,4.348250E0,7.654288E0,2.992119E1,7.246861E0,3.712321E1,6.513114E0,4.430044E1,2.039092E1
8.622675E0,4.353211E0,7.634549E0,2.973617E1,7.245525E0,3.698523E1,6.540531E0,4.401681E1,2.051764E1
8.655967E0,4.276320E0,7.605267E0,2.969997E1,7.134251E0,3.686683E1,6.559110E0,4.371641E1,2.063907E1
8.689259E0,4.278954E0,7.573348E0,2.955196E1,7.133182E0,3.674480E1,6.582640E0,4.339419E1,2.078946E1
8.722551E0,4.293232E0,7.553456E0,2.929268E1,7.168314E0,3.659317E1,6.614091E0,4.305199E1,2.090324E1
8.755844E0,4.265947E0,7.514571E0,2.914574E1,7.019236E0,3.646523E1,6.636849E0,4.271459E1,2.101977E1
8.789136E0,3.683008E0,7.538472E0,2.899666E1,7.166177E0,3.635053E1,6.642102E0,4.241538E1,2.110586E1
8.822428E0,3.648487E0,7.493196E0,2.892372E1,7.017633E0,3.624009E1,6.657482E0,4.213124E1,2.120892E1
8.855720E0,3.655968E0,7.470012E0,2.877545E1,7.053567E0,3.609554E1,6.683164E0,4.180282E1,2.129791E1
8.889012E0,3.660006E0,7.459220E0,2.881272E1,7.016831E0,3.599271E1,6.709820E0,4.152766E1,2.139993E1
8.922305E0,3.658572E0,7.453329E0,2.855423E1,6.940956E0,3.589143E1,6.717390E0,4.128069E1,2.148111E1
8.955597E0,3.623338E0,7.401628E0,2.848050E1,6.903420E0,3.578680E1,6.743587E0,4.106888E1,2.153892E1
8.988889E0,3.621445E0,7.379995E0,2.822175E1,6.864547E0,3.571985E1,6.767237E0,4.088511E1,2.159334E1
9.022181E0,3.618678E0,7.379289E0,2.825902E1,6.827812E0,3.567432E1,6.778020E0,4.076793E1,2.165366E1
9.055473E0,3.617482E0,7.373445E0,2.836976E1,6.865616E0,3.568504E1,6.771647E0,4.075948E1,2.166107E1
9.088765E0,3.614136E0,7.375180E0,2.844376E1,6.866150E0,3.568899E1,6.769351E0,4.076232E1,2.166648E1
9.122058E0,3.612660E0,7.376383E0,2.840729E1,6.791878E0,3.569128E1,6.768614E0,4.076482E1,2.167020E1
9.155350E0,3.611008E0,7.375631E0,2.836949E1,6.902618E0,3.569470E1,6.768931E0,4.076639E1,2.167273E1
9.188642E0,3.610518E0,7.379198E0,2.837102E1,6.903068E0,3.569739E1,6.769691E0,4.076759E1,2.167441E1
9.221934E0,3.610466E0,7.379192E0,2.837062E1,6.903316E0,3.569949E1,6.768497E0,4.076746E1,2.167500E1
9.255226E0,3.612229E0,7.378518E0,2.837027E1,6.903441E0,3.570100E1,6.767884E0,4.076840E1,2.167628E1
9.288519E0,3.611880E0,7.381296E0,2.837317E1,6.904962E0,3.570222E1,6.768309E0,4.076898E1,2.167718E1
9.321811E0,3.611688E0,7.382941E0,2.837261E1,6.904574E0,3.570292E1,6.768696E0,4.076964E1,2.167805E1
9.355103E0,3.616908E0,7.378531E0,2.837532E1,6.905152E0,3.570395E1,6.767488E0,4.077269E1,2.167796E1
9.388395E0,3.615387E0,7.380755E0,2.837432E1,6.904858E0,3.570467E1,6.766689E0,4.077658E1,2.167794E1
9.421687E0,3.614049E0,7.382295E0,2.838124E1,6.909313E0,3.571114E1,6.765981E0,4.078000E1,2.167555E1
9.454979E0,3.613455E0,7.383737E0,2.838733E1,6.912911E0,3.571610E1,6.765932E0,4.080607E1,2.167683E1
9.488272E0,3.613163E0,7.384448E0,2.841190E1,6.908016E0,3.572625E1,6.764117E0,4.084405E1,2.166554E1
9.521564E0,3.612614E0,7.385291E0,2.843447E1,6.912711E0,3.573513E1,6.757479E0,4.087514E1,2.166512E1
9.554856E0,3.610695E0,7.387209E0,2.844977E1,6.917646E0,3.576079E1,6.757114E0,4.088781E1,2.165049E1
9.588148E0,3.609841E0,7.388644E0,2.846253E1,6.921985E0,3.577725E1,6.757458E0,4.093547E1,2.165669E1
9.621440E0,3.610302E0,7.388473E0,2.848500E1,6.915764E0,3.579913E1,6.758180E0,4.100301E1,2.162641E1
9.654733E0,3.610793E0,7.388231E0,2.851473E1,6.920979E0,3.581155E1,6.749389E0,4.105201E1,2.161063E1
9.688025E0,3.609308E0,7.390523E0,2.852984E1,6.925634E0,3.583731E1,6.749791E0,4.108052E1,2.160161E1
9.721317E0,3.609224E0,7.390181E0,2.854528E1,6.930385E0,3.584939E1,6.752465E0,4.111383E1,2.158894E1
9.754609E0,3.609589E0,7.392438E0,2.855974E1,6.921772E0,3.586235E1,6.752815E0,4.113988E1,2.158590E1
9.787901E0,3.610121E0,7.391572E0,2.858762E1,6.927927E0,3.587728E1,6.753707E0,4.118692E1,2.157595E1
9.821193E0,3.608521E0,7.393204E0,2.861287E1,6.938912E0,3.589808E1,6.743272E0,4.128193E1,2.155501E1
9.854486E0,3.609393E0,7.392051E0,2.864056E1,6.924169E0,3.592807E1,6.743382E0,4.133057E1,2.152414E1
9.887778E0,3.609384E0,7.393365E0,2.866835E1,6.931891E0,3.593668E1,6.743732E0,4.136284E1,2.152619E1
9.921070E0,3.611098E0,7.392210E0,2.868635E1,6.938006E0,3.595649E1,6.746861E0,4.140905E1,2.150804E1
9.954362E0,3.608702E0,7.393448E0,2.870810E1,6.927628E0,3.597127E1,6.737024E0,4.148887E1,2.148292E1
9.987654E0,3.608362E0,7.394207E0,2.874010E1,6.932474E0,3.599656E1,6.737946E0,4.154693E1,2.147239E1
1.002095E1,3.606579E0,7.396096E0,2.876094E1,6.936658E0,3.601595E1,6.744104E0,4.158563E1,2.145593E1
1.005424E1,3.606413E0,7.395920E0,2.878148E1,6.925285E0,3.601357E1,6.748541E0,4.160717E1,2.145341E1
1.008753E1,3.607685E0,7.395451E0,2.881134E1,6.929552E0,3.605361E1,6.733439E0,4.164183E1,2.143666E1
1.012082E1,3.607248E0,7.396461E0,2.882947E1,6.932938E0,3.608005E1,6.722904E0,4.172270E1,2.141036E1
1.015412E1,3.607883E0,7.396968E0,2.884719E1,6.936963E0,3.609620E1,6.711383E0,4.178242E1,2.138494E1
1.018741E1,3.606823E0,7.397936E0,2.886384E1,6.929042E0,3.609973E1,6.701420E0,4.181963E1,2.138207E1
1.022070E1,3.606123E0,7.399816E0,2.889062E1,6.934074E0,3.610709E1,6.689939E0,4.185299E1,2.136601E1
1.025399E1,3.607812E0,7.397938E0,2.891237E1,6.940945E0,3.614743E1,6.688334E0,4.193993E1,2.134495E1
1.028728E1,3.610289E0,7.396317E0,2.894055E1,6.931895E0,3.616304E1,6.687856E0,4.199104E1,2.132583E1
1.032058E1,3.607669E0,7.398197E0,2.897072E1,6.939201E0,3.617800E1,6.685672E0,4.203196E1,2.130329E1
1.035387E1,3.607197E0,7.400752E0,2.898093E1,6.941538E0,3.617692E1,6.688027E0,4.205456E1,2.130949E1
1.038716E1,3.608509E0,7.398660E0,2.898651E1,6.940931E0,3.618370E1,6.677648E0,4.207035E1,2.129879E1
1.042045E1,3.610846E0,7.396858E0,2.901639E1,6.930404E0,3.621915E1,6.680461E0,4.212999E1,2.129527E1
1.045374E1,3.608398E0,7.398108E0,2.904921E1,6.932757E0,3.623916E1,6.677506E0,4.220830E1,2.127284E1
1.048704E1,3.606683E0,7.398951E0,2.905208E1,6.925583E0,3.623784E1,6.677948E0,4.222702E1,2.125526E1
1.052033E1,3.604698E0,7.400680E0,2.907450E1,6.921420E0,3.625821E1,6.667612E0,4.226653E1,2.123734E1
1.055362E1,3.602407E0,7.403011E0,2.911292E1,6.926135E0,3.628798E1,6.670657E0,4.232998E1,2.121774E1
1.058691E1,3.599760E0,7.407148E0,2.913549E1,6.927697E0,3.630932E1,6.669616E0,4.240513E1,2.119122E1
1.062021E1,3.599186E0,7.410435E0,2.915726E1,6.921214E0,3.634197E1,6.659177E0,4.244047E1,2.115694E1
1.065350E1,3.598488E0,7.414217E0,2.918526E1,6.924037E0,3.636527E1,6.645282E0,4.248425E1,2.116421E1
1.068679E1,3.604460E0,7.406958E0,2.919897E1,6.922986E0,3.637981E1,6.635979E0,4.254774E1,2.113637E1
1.072008E1,3.608544E0,7.401883E0,2.920842E1,6.922488E0,3.638920E1,6.628104E0,4.257548E1,2.111730E1
1.075337E1,3.605336E0,7.404833E0,2.921993E1,6.922088E0,3.638995E1,6.630154E0,4.256346E1,2.111373E1
1.078667E1,3.607309E0,7.401401E0,2.921030E1,6.918516E0,3.638884E1,6.629675E0,4.256890E1,2.111211E1
